cliente_id,flag_fracionamento,qtd_operacoes_atipicas,nivel_risco_esperado_regra,nivel_risco_agente,concorda,erro_parsing,tipologia_suspeita,justificativa
CLI-014,False,3,alto,médio,False,,Transações de alto valor sem justificativa,"O cliente realizou 11 operações totalizando R$ 80.629,99, com valor médio de R$ 7.330,00 e valor mediano de R$ 2.308,41, indicando presença de transações de valor atípico. Não há indícios de fracionamento, mas o desbalanceamento entre média e mediana, aliado ao volume total elevado, caracteriza risco de movimentação de recursos sem justificativa clara."
CLI-023,False,2,alto,médio,False,,Transacoes de alto valor atipico,"O cliente apresenta 12 operacoes com volume total de R$148.535,02. A media (R$12.377,92) e muito superior à mediana (R$3.241,16), indicando a presenca de transacoes de valor muito alto. A flag deterministica de valor atipico foi ativada, embora nao haja indicios de fracionamento. Esse padrao sugere risco medio de lavagem de dinheiro, requerendo monitoramento adicional."
CLI-028,False,2,alto,médio,False,,Valor atípico em transferência enviada,"O cliente apresenta um volume de operações moderado (12) com valor médio de R$7.395,9. Foi identificado um único evento de valor atípico (R$6.913,84) em transferência enviada via cartão, que disparou a flag de valor atípico. Não há indícios de fracionamento nem de padrões de uso de canais suspeitos. Dada a presença da flag de valor atípico sem outros sinais de risco elevado, o caso é classificado como risco médio."
CLI-013,False,2,alto,médio,False,,Transacoes de valor atipico,"O cliente apresenta flag de valor atípico e um volume total de R$81.730,99 em apenas 10 operacoes, com valor medio de R$8.173,10 muito acima do valor mediano de R$3.146,22, indicando possivel concentracao de recursos em operacoes fora do padrao historico."
CLI-005,False,2,alto,médio,False,,Transação de valor atípico,"O cliente realizou 11 operações com volume total de R$64.742,66, apresentando valor médio de R$5.885,70 e mediano de R$2.144,18, indicando presença de transação(s) de valor significativamente acima do padrão. A flag de valor atípico está ativada e não há indícios de fracionamento. A combinação de alto valor médio, desvio em relação à mediana e contrapartes comerciais recorrentes sugere risco médio de lavagem de dinheiro."
CLI-026,False,2,alto,médio,False,,Valor atípico em transações,"O cliente apresenta flag de valor atípico, indicando operações com valores fora do padrão histórico. O valor médio (R$ 4.560,77) está significativamente acima do valor mediano (R$ 2.032,93), sugerindo possíveis transações de valor elevado que podem caracterizar tentativa de lavagem de dinheiro. Não há indícios de fracionamento, mas o comportamento de valores anômalos justifica um risco médio e recomenda monitoramento adicional."
CLI-001,False,2,alto,alto,True,,Operações de valor atípico em espécie e TED,"O cliente apresenta um padrão de transações com valores médios significativamente superiores ao mediano, indicando a presença de operações de alto valor que distorcem a média. Além disso, há uma forte concentração de volume em espécie e em transferências TED, canais frequentemente associados a risco de lavagem de dinheiro. A flag de valor atípico está ativada, reforçando a necessidade de monitoramento intensivo."
CLI-029,True,0,alto,alto,True,,Fracionamento de valores (smurfing),"No dia 2026-05-26 o cliente realizou quatro operações de valores elevados (entre R$14.3k e R$19.4k), totalizando R$71,297.68, distribuídas entre saque, depósito e transferência recebida, usando tanto TED quanto PIX. A presença da flag de fracionamento e a semelhança dos valores indicam tentativa de dividir montantes para evitar detecção, configurando risco alto de lavagem de dinheiro."
CLI-017,True,0,alto,alto,True,,Fracionamento de valores (structuring),"O cliente apresenta flag de fracionamento e, no dia 2026-03-08, realizou quatro operações de valores elevados (entre R$14.3k e R$18.7k), totalizando R$64,673.88, distribuídas entre TED e PIX e envolvendo diferentes contrapartes. Essa prática de dividir grandes montantes em várias transações menores, combinada com a diversidade de canais e contrapartes, indica tentativa de evitar detecção, caracterizando risco alto de structuring."
CLI-030,False,1,médio,médio,True,,Transferência de alto valor incomum (TED),"O cliente apresenta flag de valor atípico. Embora o volume total seja distribuído entre vários canais, 85.546,51 BRL (73% do total) está concentrado em apenas duas operações TED, muito acima da média de 13.086,77 BRL e da mediana de 4.611,07 BRL. Não há indícios de fracionamento, mas a presença de grandes TED em um perfil onde o canal predominante é PIX indica comportamento incomum que justifica monitoramento adicional."
