cliente_id,nivel_risco,erro_parsing,qtd_tools_chamadas,tokens_total,latencia_s
CLI-014,medio,,1,2124,2.12
CLI-023,medio,,1,775,4.69
CLI-028,medio,,2,2036,3.19
CLI-013,medio,,1,1988,1.84
CLI-005,medio,,1,786,2.02
CLI-026,medio,,1,2028,2.21
CLI-001,alto,,2,1966,3.02
CLI-029,alto,,1,2274,2.17
CLI-017,alto,,2,1836,3.0
CLI-030,medio,,2,3433,7.22
CLI-002,alto,,2,1988,3.34
CLI-024,medio,,2,1894,3.27
CLI-003,alto,,2,2155,3.4
CLI-022,medio,,1,2158,6.11
CLI-007,medio,,1,810,14.15
CLI-008,medio,,1,787,2.25
CLI-021,alto,,1,828,2.41
CLI-011,baixo,,1,786,7.63
CLI-009,baixo,,1,1906,5.49
CLI-010,baixo,,1,744,2.6
CLI-020,baixo,,1,781,1.39
CLI-016,baixo,,1,780,1.41
CLI-006,baixo,,1,806,5.66
CLI-015,baixo,,1,1860,7.65
CLI-019,baixo,,1,764,1.5
CLI-025,baixo,,1,1875,1.45
CLI-018,baixo,,1,1900,6.74
CLI-027,baixo,,1,1877,1.62
CLI-004,baixo,,1,1887,1.55
CLI-012,baixo,,1,1825,2.01
